Date,Close
10/1/2012 16:00:00,23.72
10/2/2012 16:00:00,23.8
10/3/2012 16:00:00,23.99
10/4/2012 16:00:00,24.01
10/5/2012 16:00:00,24.18
10/8/2012 16:00:00,24.06
10/9/2012 16:00:00,23.98
10/10/2012 16:00:00,23.83
10/11/2012 16:00:00,23.8
10/12/2012 16:00:00,23.8
10/15/2012 16:00:00,24.22
10/16/2012 16:00:00,24.44
10/17/2012 16:00:00,24.48
10/18/2012 16:00:00,24.66
10/19/2012 16:00:00,24.4
10/22/2012 16:00:00,24.25
10/23/2012 16:00:00,23.86
10/24/2012 16:00:00,23.98
10/25/2012 16:00:00,24.26
10/26/2012 16:00:00,24.09
10/31/2012 16:00:00,23.56
11/1/2012 16:00:00,23.26
11/2/2012 16:00:00,23.26
11/5/2012 16:00:00,23.29
11/6/2012 16:00:00,23.41
11/7/2012 16:00:00,22.9
11/8/2012 16:00:00,22.89
11/9/2012 16:00:00,22.9
11/12/2012 16:00:00,22.84
11/13/2012 16:00:00,22.78
11/14/2012 16:00:00,22.56
11/15/2012 16:00:00,22.41
11/16/2012 16:00:00,22.6
11/19/2012 16:00:00,22.87
11/20/2012 16:00:00,23
11/21/2012 16:00:00,23.07
11/23/2012 16:00:00,23.24
11/26/2012 16:00:00,23.2
11/27/2012 16:00:00,22.97
11/28/2012 16:00:00,23.37
11/29/2012 16:00:00,23.54
11/30/2012 16:00:00,23.7
12/3/2012 16:00:00,23.77
12/4/2012 16:00:00,23.84
12/5/2012 16:00:00,24.29
12/6/2012 16:00:00,24.26
12/7/2012 16:00:00,24.21
12/10/2012 16:00:00,24.07
12/11/2012 16:00:00,24.29
12/12/2012 16:00:00,24.17
12/13/2012 16:00:00,24
12/14/2012 16:00:00,23.85
12/17/2012 16:00:00,24.02
12/18/2012 16:00:00,24.29
12/19/2012 16:00:00,24.01
12/20/2012 16:00:00,24.09
12/21/2012 16:00:00,23.76
12/24/2012 16:00:00,23.76
12/26/2012 16:00:00,23.91
12/27/2012 16:00:00,23.82
12/28/2012 16:00:00,23.58
12/31/2012 16:00:00,23.76
1/2/2013 16:00:00,24.55
1/3/2013 16:00:00,24.49
1/4/2013 16:00:00,24.59
1/7/2013 16:00:00,24.61
1/8/2013 16:00:00,24.65
1/9/2013 16:00:00,25.08
1/10/2013 16:00:00,25.35
1/11/2013 16:00:00,25.12
1/14/2013 16:00:00,25.33
1/15/2013 16:00:00,25.22
1/16/2013 16:00:00,25.21
1/17/2013 16:00:00,25.42
1/18/2013 16:00:00,25.14
1/22/2013 16:00:00,25.27
1/23/2013 16:00:00,25.25
1/24/2013 16:00:00,25.44
1/25/2013 16:00:00,25.58
1/28/2013 16:00:00,25.43
1/29/2013 16:00:00,26.24
1/30/2013 16:00:00,26.06
1/31/2013 16:00:00,25.84
2/1/2013 16:00:00,26.17
2/4/2013 16:00:00,25.74
2/5/2013 16:00:00,26.06
2/6/2013 16:00:00,25.88
2/7/2013 16:00:00,25.54
2/8/2013 16:00:00,25.46
2/11/2013 16:00:00,25.71
2/12/2013 16:00:00,25.57
2/13/2013 16:00:00,25.58
2/14/2013 16:00:00,25.63
2/15/2013 16:00:00,25.85
2/19/2013 16:00:00,26.25
2/20/2013 16:00:00,26.12
2/21/2013 16:00:00,25.97
2/22/2013 16:00:00,25.94
2/25/2013 16:00:00,25.43
2/26/2013 16:00:00,25.61
2/27/2013 16:00:00,25.97
2/28/2013 16:00:00,25.93
3/1/2013 16:00:00,25.95
3/4/2013 16:00:00,26.23
3/5/2013 16:00:00,26.59
3/6/2013 16:00:00,26.64
3/7/2013 16:00:00,26.78
3/8/2013 16:00:00,26.71
3/11/2013 16:00:00,26.76
3/12/2013 16:00:00,26.47
3/13/2013 16:00:00,26.54
3/14/2013 16:00:00,26.63
3/15/2013 16:00:00,26.54
3/18/2013 16:00:00,26.56
3/19/2013 16:00:00,26.52
3/20/2013 16:00:00,26.8
3/21/2013 16:00:00,26.63
3/22/2013 16:00:00,26.89
3/25/2013 16:00:00,26.68
3/26/2013 16:00:00,27.09
3/27/2013 16:00:00,27.13
3/28/2013 16:00:00,27.34
4/1/2013 16:00:00,27.32
4/2/2013 16:00:00,27.69
4/3/2013 16:00:00,27.5
4/4/2013 16:00:00,27.62
4/5/2013 16:00:00,27.57
4/8/2013 16:00:00,27.62
4/9/2013 16:00:00,27.58
4/10/2013 16:00:00,28.34
4/11/2013 16:00:00,29.03
4/12/2013 16:00:00,29.05
4/15/2013 16:00:00,28.85
4/16/2013 16:00:00,29.31
4/17/2013 16:00:00,29.24
4/18/2013 16:00:00,28.98
4/19/2013 16:00:00,29.42
4/22/2013 16:00:00,29.3
4/23/2013 16:00:00,29.44
4/24/2013 16:00:00,28.99
4/25/2013 16:00:00,28.67
4/26/2013 16:00:00,28.51
4/29/2013 16:00:00,28.83
4/30/2013 16:00:00,27.54
5/1/2013 16:00:00,27.38
5/2/2013 16:00:00,27.73
5/3/2013 16:00:00,27.43
5/6/2013 16:00:00,27.21
5/7/2013 16:00:00,27.5
5/8/2013 16:00:00,27.22
5/9/2013 16:00:00,27.09
5/10/2013 16:00:00,27.21
5/13/2013 16:00:00,27.82
5/14/2013 16:00:00,27.85
5/15/2013 16:00:00,28
5/16/2013 16:00:00,27.71
5/17/2013 16:00:00,27.43
5/20/2013 16:00:00,27.19
5/21/2013 16:00:00,27.26
5/22/2013 16:00:00,27.76
5/23/2013 16:00:00,27.58
5/24/2013 16:00:00,27.51
5/28/2013 16:00:00,27.48
5/29/2013 16:00:00,26.79
5/30/2013 16:00:00,26.76
5/31/2013 16:00:00,25.8
6/3/2013 16:00:00,26.29
6/4/2013 16:00:00,26.2
6/5/2013 16:00:00,26.03
6/6/2013 16:00:00,26.63
6/7/2013 16:00:00,26.77
6/10/2013 16:00:00,26.88
6/11/2013 16:00:00,26.92
6/12/2013 16:00:00,26.93
6/13/2013 16:00:00,27.55
6/14/2013 16:00:00,27.56
6/17/2013 16:00:00,27.62
6/18/2013 16:00:00,27.85
6/19/2013 16:00:00,27.57
6/20/2013 16:00:00,27.13
6/21/2013 16:00:00,26.96
6/24/2013 16:00:00,26.25
6/25/2013 16:00:00,26.52
6/26/2013 16:00:00,26.62
6/27/2013 16:00:00,26.7
6/28/2013 16:00:00,26.53
7/1/2013 16:00:00,26.32
7/2/2013 16:00:00,26.24
7/3/2013 16:00:00,26.19
7/5/2013 16:00:00,26.5
7/8/2013 16:00:00,26.65
7/9/2013 16:00:00,26.86
7/10/2013 16:00:00,26.94
7/11/2013 16:00:00,27.25
7/12/2013 16:00:00,27.29
7/15/2013 16:00:00,27.27
7/16/2013 16:00:00,27.17
7/17/2013 16:00:00,27.17
7/18/2013 16:00:00,26.99
7/19/2013 16:00:00,27.56
7/22/2013 16:00:00,27.8
7/23/2013 16:00:00,27.87
7/24/2013 16:00:00,27.74
7/25/2013 16:00:00,27.65
7/26/2013 16:00:00,27.82
7/29/2013 16:00:00,27.98
7/30/2013 16:00:00,28.11
7/31/2013 16:00:00,27.69
8/1/2013 16:00:00,27.58
8/2/2013 16:00:00,27.82
8/5/2013 16:00:00,27.65
8/6/2013 16:00:00,27.79
8/7/2013 16:00:00,27.72
8/8/2013 16:00:00,27.6
8/9/2013 16:00:00,27.67
8/12/2013 16:00:00,27.65
8/13/2013 16:00:00,27.73
8/14/2013 16:00:00,27.5
8/15/2013 16:00:00,27.28
8/16/2013 16:00:00,26.88
8/19/2013 16:00:00,26.96
8/20/2013 16:00:00,27.03
8/21/2013 16:00:00,26.75
8/22/2013 16:00:00,26.68
8/23/2013 16:00:00,26.85
8/26/2013 16:00:00,26.54
8/27/2013 16:00:00,26.52
8/28/2013 16:00:00,26.72
8/29/2013 16:00:00,26.62
8/30/2013 16:00:00,26.72
9/3/2013 16:00:00,26.53
9/4/2013 16:00:00,26.88
9/5/2013 16:00:00,26.78
9/6/2013 16:00:00,26.79
9/9/2013 16:00:00,26.81
9/10/2013 16:00:00,26.95
9/11/2013 16:00:00,27.16
9/12/2013 16:00:00,26.82
9/13/2013 16:00:00,27.01
9/16/2013 16:00:00,27.2
9/17/2013 16:00:00,27.13
9/18/2013 16:00:00,27.51
9/19/2013 16:00:00,27.32
9/20/2013 16:00:00,27.44
9/23/2013 16:00:00,27.28
9/24/2013 16:00:00,27.2
9/25/2013 16:00:00,26.99
9/26/2013 16:00:00,27.02
9/27/2013 16:00:00,27.36
9/30/2013 16:00:00,27.21
10/1/2013 16:00:00,27.37
10/2/2013 16:00:00,27.48
10/3/2013 16:00:00,27.25
10/4/2013 16:00:00,27.47
10/7/2013 16:00:00,27.11
10/8/2013 16:00:00,26.75
10/9/2013 16:00:00,26.8
10/10/2013 16:00:00,27.25
10/11/2013 16:00:00,27.21
10/14/2013 16:00:00,27.8
10/15/2013 16:00:00,27.62
10/16/2013 16:00:00,28.23
10/17/2013 16:00:00,28.67
10/18/2013 16:00:00,28.9
10/21/2013 16:00:00,28.8
10/22/2013 16:00:00,29.06
10/23/2013 16:00:00,28.99
10/24/2013 16:00:00,29
10/25/2013 16:00:00,29
10/28/2013 16:00:00,29.12
10/29/2013 16:00:00,29.6
10/30/2013 16:00:00,29.3
10/31/2013 16:00:00,29.07
11/1/2013 16:00:00,29.53
11/4/2013 16:00:00,29.61
11/5/2013 16:00:00,29.59
11/6/2013 16:00:00,29.34
11/7/2013 16:00:00,29.28
11/8/2013 16:00:00,29.67
11/11/2013 16:00:00,29.59
11/12/2013 16:00:00,29.73
11/13/2013 16:00:00,30.19
11/14/2013 16:00:00,30.31
11/15/2013 16:00:00,30.5
11/18/2013 16:00:00,30.32
11/19/2013 16:00:00,29.99
11/20/2013 16:00:00,30.24
11/21/2013 16:00:00,30.29
11/22/2013 16:00:00,30.43
11/25/2013 16:00:00,30.45
11/26/2013 16:00:00,30.21
11/27/2013 16:00:00,30.2
11/29/2013 16:00:00,30.06
12/2/2013 16:00:00,30.15
12/3/2013 16:00:00,29.58
12/4/2013 16:00:00,29.62
12/5/2013 16:00:00,29.6
12/6/2013 16:00:00,29.88
12/9/2013 16:00:00,29.92
12/10/2013 16:00:00,29.69
12/11/2013 16:00:00,29.04
12/12/2013 16:00:00,28.66
12/13/2013 16:00:00,28.66
12/16/2013 16:00:00,28.66
12/17/2013 16:00:00,28.55
12/18/2013 16:00:00,29.15
12/19/2013 16:00:00,29.09
12/20/2013 16:00:00,28.66
12/23/2013 16:00:00,28.75
12/24/2013 16:00:00,28.69
12/26/2013 16:00:00,28.94
12/27/2013 16:00:00,29.03
12/30/2013 16:00:00,29.07
12/31/2013 16:00:00,29.02
1/2/2014 16:00:00,28.86
1/3/2014 16:00:00,28.91
1/6/2014 16:00:00,28.94
1/7/2014 16:00:00,29.12
1/8/2014 16:00:00,29.32
1/9/2014 16:00:00,29.3
1/10/2014 16:00:00,29.07
1/13/2014 16:00:00,28.93
1/14/2014 16:00:00,29.37
1/15/2014 16:00:00,29.54
1/16/2014 16:00:00,29.53
1/17/2014 16:00:00,29.45
1/21/2014 16:00:00,29.59
1/22/2014 16:00:00,29.62
1/23/2014 16:00:00,29.38
1/24/2014 16:00:00,28.51
1/27/2014 16:00:00,28.1
1/28/2014 16:00:00,28.82
1/29/2014 16:00:00,28.52
1/30/2014 16:00:00,29.2
1/31/2014 16:00:00,28.8
2/3/2014 16:00:00,28.99
2/4/2014 16:00:00,29.78
2/5/2014 16:00:00,29.04
2/6/2014 16:00:00,29.22
2/7/2014 16:00:00,29.58
2/10/2014 16:00:00,29.81
2/11/2014 16:00:00,30.2
2/12/2014 16:00:00,29.95
2/13/2014 16:00:00,30.03
2/14/2014 16:00:00,30.26
2/18/2014 16:00:00,30.2
2/19/2014 16:00:00,29.82
2/20/2014 16:00:00,29.89
2/21/2014 16:00:00,29.8
2/24/2014 16:00:00,30.31
2/25/2014 16:00:00,30.21
2/26/2014 16:00:00,30.31
2/27/2014 16:00:00,30.53
2/28/2014 16:00:00,30.42
3/3/2014 16:00:00,30.3
3/4/2014 16:00:00,30.97
3/5/2014 16:00:00,31.03
3/6/2014 16:00:00,30.75
3/7/2014 16:00:00,30.72
3/10/2014 16:00:00,30.68
3/11/2014 16:00:00,30.71
3/12/2014 16:00:00,30.3
3/13/2014 16:00:00,29.48
3/14/2014 16:00:00,29.59
3/17/2014 16:00:00,29.77
3/18/2014 16:00:00,30.25
3/19/2014 16:00:00,30.04
3/20/2014 16:00:00,30.23
3/21/2014 16:00:00,30.49
3/24/2014 16:00:00,29.83
3/25/2014 16:00:00,30.14
3/26/2014 16:00:00,30.49
3/27/2014 16:00:00,30.41
3/28/2014 16:00:00,30.2
3/31/2014 16:00:00,30.43
4/1/2014 16:00:00,30.27
4/2/2014 16:00:00,30.59
4/3/2014 16:00:00,30.69
4/4/2014 16:00:00,30.47
4/7/2014 16:00:00,29.56
4/8/2014 16:00:00,29.24
4/9/2014 16:00:00,29.59
4/10/2014 16:00:00,29
4/11/2014 16:00:00,28.29
4/14/2014 16:00:00,28.3
4/15/2014 16:00:00,28.32
4/16/2014 16:00:00,28.51
4/17/2014 16:00:00,28.66
4/21/2014 16:00:00,29.23
4/22/2014 16:00:00,29.37
4/23/2014 16:00:00,29.29
4/24/2014 16:00:00,29.09
4/25/2014 16:00:00,29.13
4/28/2014 16:00:00,30.35
4/29/2014 16:00:00,30.09
4/30/2014 16:00:00,29.63
5/1/2014 16:00:00,29.51
5/2/2014 16:00:00,29.13
5/5/2014 16:00:00,28.38
5/6/2014 16:00:00,27.88
5/7/2014 16:00:00,27.49
5/8/2014 16:00:00,27.63
5/9/2014 16:00:00,27.5
5/12/2014 16:00:00,27.6
5/13/2014 16:00:00,27.66
5/14/2014 16:00:00,27.57
5/15/2014 16:00:00,27.53
5/16/2014 16:00:00,27.59
5/19/2014 16:00:00,27.74
5/20/2014 16:00:00,27.71
5/21/2014 16:00:00,28.01
5/22/2014 16:00:00,28.1
5/23/2014 16:00:00,27.94
5/27/2014 16:00:00,28.05
5/28/2014 16:00:00,28.05
5/29/2014 16:00:00,28.04
5/30/2014 16:00:00,28.07
6/2/2014 16:00:00,28.15
6/3/2014 16:00:00,28.03
6/4/2014 16:00:00,28.08
6/5/2014 16:00:00,28.19
6/6/2014 16:00:00,27.87
6/9/2014 16:00:00,27.8
6/10/2014 16:00:00,27.95
6/11/2014 16:00:00,27.88
6/12/2014 16:00:00,27.9
6/13/2014 16:00:00,27.97
6/16/2014 16:00:00,28.05
6/17/2014 16:00:00,27.93
6/18/2014 16:00:00,28.15
6/19/2014 16:00:00,28.03
6/20/2014 16:00:00,28.21
6/23/2014 16:00:00,27.9
6/24/2014 16:00:00,27.76
6/25/2014 16:00:00,28.23
6/26/2014 16:00:00,28.03
6/27/2014 16:00:00,28.11
6/30/2014 16:00:00,28.12
7/1/2014 16:00:00,28.5
7/2/2014 16:00:00,28.77
7/3/2014 16:00:00,28.92
7/7/2014 16:00:00,28.88
7/8/2014 16:00:00,28.56
7/9/2014 16:00:00,28.47
7/10/2014 16:00:00,28.42
7/11/2014 16:00:00,28.49
7/14/2014 16:00:00,28.65
7/15/2014 16:00:00,28.81
7/16/2014 16:00:00,29.33
7/17/2014 16:00:00,28.94
7/18/2014 16:00:00,29.11
7/21/2014 16:00:00,28.75
7/22/2014 16:00:00,28.88
7/23/2014 16:00:00,28.79
7/24/2014 16:00:00,28.74
7/25/2014 16:00:00,28.6
7/28/2014 16:00:00,28.51
7/29/2014 16:00:00,28.16
7/30/2014 16:00:00,27.72
7/31/2014 16:00:00,27.19
8/1/2014 16:00:00,27.34
8/4/2014 16:00:00,27.24
8/5/2014 16:00:00,26.91
8/6/2014 16:00:00,26.79
8/7/2014 16:00:00,26.56
8/8/2014 16:00:00,26.85
8/11/2014 16:00:00,26.76
8/12/2014 16:00:00,26.6
8/13/2014 16:00:00,26.72
8/14/2014 16:00:00,27.22
8/15/2014 16:00:00,27.13
8/18/2014 16:00:00,27.32
8/19/2014 16:00:00,27.42
8/20/2014 16:00:00,27.37
8/21/2014 16:00:00,27.3
8/22/2014 16:00:00,27.4
8/25/2014 16:00:00,27.39
8/26/2014 16:00:00,27.67
8/27/2014 16:00:00,27.94
8/28/2014 16:00:00,27.83
8/29/2014 16:00:00,27.84
9/2/2014 16:00:00,27.72
9/3/2014 16:00:00,27.85
9/4/2014 16:00:00,27.82
9/5/2014 16:00:00,28.09
9/8/2014 16:00:00,27.85
9/9/2014 16:00:00,27.69
9/10/2014 16:00:00,27.89
9/11/2014 16:00:00,28.07
9/12/2014 16:00:00,27.88
9/15/2014 16:00:00,28.34
9/16/2014 16:00:00,28.47
9/17/2014 16:00:00,28.75
9/18/2014 16:00:00,28.97
9/19/2014 16:00:00,28.8
9/22/2014 16:00:00,28.59
9/23/2014 16:00:00,28.47
9/24/2014 16:00:00,28.71
9/25/2014 16:00:00,28.4
9/26/2014 16:00:00,28.15
9/29/2014 16:00:00,28.2
9/30/2014 16:00:00,28.01
10/1/2014 16:00:00,27.61
10/2/2014 16:00:00,27.53
10/3/2014 16:00:00,27.68
10/6/2014 16:00:00,27.63
10/7/2014 16:00:00,27.27
10/8/2014 16:00:00,27.83
10/9/2014 16:00:00,27.46
10/10/2014 16:00:00,27.6
10/13/2014 16:00:00,26.97
10/14/2014 16:00:00,26.96
10/15/2014 16:00:00,26.71
10/16/2014 16:00:00,26.24
10/17/2014 16:00:00,26.36
10/20/2014 16:00:00,26.46
10/21/2014 16:00:00,26.79
10/22/2014 16:00:00,26.81
10/23/2014 16:00:00,27.09
10/24/2014 16:00:00,27.58
10/27/2014 16:00:00,27.5
10/28/2014 16:00:00,27.56
10/29/2014 16:00:00,27.94
10/30/2014 16:00:00,28.27
10/31/2014 16:00:00,28.37
11/3/2014 16:00:00,28.6
11/4/2014 16:00:00,28.69
11/5/2014 16:00:00,28.46
11/6/2014 16:00:00,28.46
11/7/2014 16:00:00,28.34
11/10/2014 16:00:00,28.61
11/11/2014 16:00:00,28.72
11/12/2014 16:00:00,28.82
11/13/2014 16:00:00,28.82
11/14/2014 16:00:00,28.74
11/17/2014 16:00:00,28.72
11/18/2014 16:00:00,28.98
11/19/2014 16:00:00,28.84
11/20/2014 16:00:00,28.84
11/21/2014 16:00:00,28.85
11/24/2014 16:00:00,28.63
11/25/2014 16:00:00,28.87
11/26/2014 16:00:00,29.46
11/28/2014 16:00:00,29.51
12/1/2014 16:00:00,29.61
12/2/2014 16:00:00,29.91
12/3/2014 16:00:00,30.08
12/4/2014 16:00:00,30
12/5/2014 16:00:00,30.31
12/8/2014 16:00:00,30.29
12/9/2014 16:00:00,30.27
12/10/2014 16:00:00,30.18
12/11/2014 16:00:00,29.98
12/12/2014 16:00:00,29.32
12/15/2014 16:00:00,29.23
12/16/2014 16:00:00,29.05
12/17/2014 16:00:00,29.48
12/18/2014 16:00:00,30.29
12/19/2014 16:00:00,30.26
12/22/2014 16:00:00,30.4
12/23/2014 16:00:00,29.79
12/24/2014 16:00:00,29.77
12/26/2014 16:00:00,29.98
12/29/2014 16:00:00,29.74
12/30/2014 16:00:00,29.73
12/31/2014 16:00:00,29.51
1/2/2015 16:00:00,29.68
1/5/2015 16:00:00,29.52
1/6/2015 16:00:00,29.77
1/7/2015 16:00:00,30.17
1/8/2015 16:00:00,30.79
1/9/2015 16:00:00,30.93
1/12/2015 16:00:00,31.04
1/13/2015 16:00:00,30.73
1/14/2015 16:00:00,30.77
1/15/2015 16:00:00,30.69
1/16/2015 16:00:00,31.07
1/20/2015 16:00:00,31.36
1/21/2015 16:00:00,30.92
1/22/2015 16:00:00,31.08
1/23/2015 16:00:00,30.74
1/26/2015 16:00:00,31.07
1/27/2015 16:00:00,30.88
1/28/2015 16:00:00,30.27
1/29/2015 16:00:00,30.15
1/30/2015 16:00:00,29.6
2/2/2015 16:00:00,29.98
2/3/2015 16:00:00,30.33
2/4/2015 16:00:00,30.38
2/5/2015 16:00:00,31.25
2/6/2015 16:00:00,31.42
2/9/2015 16:00:00,31.33
2/10/2015 16:00:00,32.35
2/11/2015 16:00:00,32.45
2/12/2015 16:00:00,33.03
2/13/2015 16:00:00,32.82
2/17/2015 16:00:00,32.76
2/18/2015 16:00:00,32.66
2/19/2015 16:00:00,32.6
2/20/2015 16:00:00,32.74
2/23/2015 16:00:00,32.58
2/24/2015 16:00:00,32.53
2/25/2015 16:00:00,32.83
2/26/2015 16:00:00,32.77
2/27/2015 16:00:00,32.51
3/2/2015 16:00:00,32.94
3/3/2015 16:00:00,32.74
3/4/2015 16:00:00,32.82
3/5/2015 16:00:00,32.65
3/6/2015 16:00:00,32.18
3/9/2015 16:00:00,32.24
3/10/2015 16:00:00,32
3/11/2015 16:00:00,31.86
3/12/2015 16:00:00,32.21
3/13/2015 16:00:00,32.21
3/16/2015 16:00:00,32.63
3/17/2015 16:00:00,32.37
3/18/2015 16:00:00,32.57
3/19/2015 16:00:00,32.35
3/20/2015 16:00:00,32.45
3/23/2015 16:00:00,33.2
3/24/2015 16:00:00,32.7
3/25/2015 16:00:00,32.49
3/26/2015 16:00:00,32.36
3/27/2015 16:00:00,32.71
3/30/2015 16:00:00,33.16
3/31/2015 16:00:00,32.96
4/1/2015 16:00:00,32.52
4/2/2015 16:00:00,32.57
4/6/2015 16:00:00,32.66
4/7/2015 16:00:00,32.72
4/8/2015 16:00:00,32.82
4/9/2015 16:00:00,33.19
4/10/2015 16:00:00,33.57
4/13/2015 16:00:00,33.24
4/14/2015 16:00:00,33.19
4/15/2015 16:00:00,33.36
4/16/2015 16:00:00,33.34
4/17/2015 16:00:00,33.19
4/20/2015 16:00:00,33.17
4/21/2015 16:00:00,33.05
4/22/2015 16:00:00,33.09
4/23/2015 16:00:00,33.5
4/24/2015 16:00:00,33.41
4/27/2015 16:00:00,32.77
4/28/2015 16:00:00,32.66
4/29/2015 16:00:00,32.48
4/30/2015 16:00:00,32.14
5/1/2015 16:00:00,32.29
5/4/2015 16:00:00,32.51
5/5/2015 16:00:00,32.32
5/6/2015 16:00:00,31.7
5/7/2015 16:00:00,31.81
5/8/2015 16:00:00,32.23
5/11/2015 16:00:00,32.17
5/12/2015 16:00:00,32
5/13/2015 16:00:00,31.76
5/14/2015 16:00:00,32.15
5/15/2015 16:00:00,32.2
5/18/2015 16:00:00,32.19
5/19/2015 16:00:00,32.41
5/20/2015 16:00:00,32.49
5/21/2015 16:00:00,32.55
5/22/2015 16:00:00,32.47
5/26/2015 16:00:00,32.31
5/27/2015 16:00:00,32.49
5/28/2015 16:00:00,32.63
5/29/2015 16:00:00,32.92
6/1/2015 16:00:00,32.74
6/2/2015 16:00:00,32.67
6/3/2015 16:00:00,32.6
6/4/2015 16:00:00,32.44
6/5/2015 16:00:00,32.29
6/8/2015 16:00:00,32.19
6/9/2015 16:00:00,32.22
6/10/2015 16:00:00,32.5
6/11/2015 16:00:00,32.65
6/12/2015 16:00:00,32.41
6/15/2015 16:00:00,32.25
6/16/2015 16:00:00,32.25
6/17/2015 16:00:00,32.19
6/18/2015 16:00:00,32.56
6/19/2015 16:00:00,32.38
6/22/2015 16:00:00,32.5
6/23/2015 16:00:00,32.68
6/24/2015 16:00:00,32.43
6/25/2015 16:00:00,32.23
6/26/2015 16:00:00,32.13
6/29/2015 16:00:00,31.82
6/30/2015 16:00:00,31.76
7/1/2015 16:00:00,31.92
7/2/2015 16:00:00,31.61
7/6/2015 16:00:00,31.5
7/7/2015 16:00:00,31.95
7/8/2015 16:00:00,31.69
7/9/2015 16:00:00,32.08
7/10/2015 16:00:00,32.55
7/13/2015 16:00:00,32.99
7/14/2015 16:00:00,33.23
7/15/2015 16:00:00,33.14
7/16/2015 16:00:00,33.25
7/17/2015 16:00:00,33.22
7/20/2015 16:00:00,33.38
7/21/2015 16:00:00,33.29
7/22/2015 16:00:00,33.04
7/23/2015 16:00:00,32.95
7/24/2015 16:00:00,32.46
7/27/2015 16:00:00,32.53
7/28/2015 16:00:00,33.49
7/29/2015 16:00:00,33.88
7/30/2015 16:00:00,33.85
7/31/2015 16:00:00,34.16
8/3/2015 16:00:00,34.25
8/4/2015 16:00:00,34.21
8/5/2015 16:00:00,33.93
8/6/2015 16:00:00,33.32
8/7/2015 16:00:00,33.34
8/10/2015 16:00:00,33.5
8/11/2015 16:00:00,33.27
8/12/2015 16:00:00,33.51
8/13/2015 16:00:00,33.5
8/14/2015 16:00:00,33.46
8/17/2015 16:00:00,33.63
8/18/2015 16:00:00,33.65
8/19/2015 16:00:00,33.41
8/20/2015 16:00:00,32.73
8/21/2015 16:00:00,31.77
8/24/2015 16:00:00,30.44
8/25/2015 16:00:00,29.69
8/26/2015 16:00:00,30.72
8/27/2015 16:00:00,31.51
8/28/2015 16:00:00,30.94
8/31/2015 16:00:00,30.52
9/1/2015 16:00:00,29.71
9/2/2015 16:00:00,30.29
9/3/2015 16:00:00,30.21
9/4/2015 16:00:00,29.72
9/8/2015 16:00:00,30.82
9/9/2015 16:00:00,30.28
9/10/2015 16:00:00,30.9
9/11/2015 16:00:00,31.23
9/14/2015 16:00:00,30.99
9/15/2015 16:00:00,31.42
9/16/2015 16:00:00,31.43
9/17/2015 16:00:00,31.72
9/18/2015 16:00:00,31.12
9/21/2015 16:00:00,30.71
9/22/2015 16:00:00,30.56
9/23/2015 16:00:00,30.9
9/24/2015 16:00:00,30.98
9/25/2015 16:00:00,30.21
9/28/2015 16:00:00,29.2
9/29/2015 16:00:00,29.39
9/30/2015 16:00:00,29.76
10/1/2015 16:00:00,30.16
10/2/2015 16:00:00,31.34
10/5/2015 16:00:00,31.72
10/6/2015 16:00:00,31.06
10/7/2015 16:00:00,31.54
10/8/2015 16:00:00,31.35
10/9/2015 16:00:00,31.49
10/12/2015 16:00:00,31.47
10/13/2015 16:00:00,31.24
10/14/2015 16:00:00,31.3
10/15/2015 16:00:00,32.29
10/16/2015 16:00:00,32.6
10/19/2015 16:00:00,32.68
10/20/2015 16:00:00,32.21
10/21/2015 16:00:00,31.7
10/22/2015 16:00:00,31.57
10/23/2015 16:00:00,32.26
10/26/2015 16:00:00,32.36
10/27/2015 16:00:00,33.15
10/28/2015 16:00:00,33.58
10/29/2015 16:00:00,32.94
10/30/2015 16:00:00,32.04
11/2/2015 16:00:00,33.21
11/3/2015 16:00:00,33.13
11/4/2015 16:00:00,32.34
11/5/2015 16:00:00,32.35
11/6/2015 16:00:00,32.14
11/9/2015 16:00:00,31.88
11/10/2015 16:00:00,32.01
11/11/2015 16:00:00,31.96
11/12/2015 16:00:00,31.63
11/13/2015 16:00:00,31.52
11/16/2015 16:00:00,31.41
11/17/2015 16:00:00,31.14
11/18/2015 16:00:00,31.56
11/19/2015 16:00:00,30.59
11/20/2015 16:00:00,30.49
11/23/2015 16:00:00,29.68
11/24/2015 16:00:00,30.29
11/25/2015 16:00:00,31.14
11/27/2015 16:00:00,31.06
11/30/2015 16:00:00,31.04
12/1/2015 16:00:00,31.85
12/2/2015 16:00:00,31.17
12/3/2015 16:00:00,30.68
12/4/2015 16:00:00,31.07
12/7/2015 16:00:00,30.94
12/8/2015 16:00:00,30.82
12/9/2015 16:00:00,30.59
12/10/2015 16:00:00,30.66
12/11/2015 16:00:00,30.37
12/14/2015 16:00:00,30.49
12/15/2015 16:00:00,30.56
12/16/2015 16:00:00,30.86
12/17/2015 16:00:00,30.63
12/18/2015 16:00:00,30.31
12/21/2015 16:00:00,30.75
12/22/2015 16:00:00,30.81
12/23/2015 16:00:00,30.85
12/24/2015 16:00:00,30.9
12/28/2015 16:00:00,30.71
12/29/2015 16:00:00,31.1
12/30/2015 16:00:00,31.03
12/31/2015 16:00:00,30.58
1/4/2016 16:00:00,30.27
1/5/2016 16:00:00,30.49
1/6/2016 16:00:00,29.95
1/7/2016 16:00:00,29.75
1/8/2016 16:00:00,29.37
1/11/2016 16:00:00,29.43
1/12/2016 16:00:00,29.37
1/13/2016 16:00:00,28.77
1/14/2016 16:00:00,29.47
1/15/2016 16:00:00,29.19
1/19/2016 16:00:00,29.07
1/20/2016 16:00:00,29.05
1/21/2016 16:00:00,28.97
1/22/2016 16:00:00,29.09
1/25/2016 16:00:00,28.89
1/26/2016 16:00:00,29.05
1/27/2016 16:00:00,28.91
1/28/2016 16:00:00,28.61
1/29/2016 16:00:00,28.88
2/1/2016 16:00:00,28.58
2/2/2016 16:00:00,28.55
2/3/2016 16:00:00,28.11
2/4/2016 16:00:00,27.47
2/5/2016 16:00:00,27.5
2/8/2016 16:00:00,27.06
2/9/2016 16:00:00,27.57
2/10/2016 16:00:00,27.94
2/11/2016 16:00:00,27.6
2/12/2016 16:00:00,27.81
2/16/2016 16:00:00,28.24
2/17/2016 16:00:00,28.07
2/18/2016 16:00:00,27.99
2/19/2016 16:00:00,27.94
2/22/2016 16:00:00,28.47
2/23/2016 16:00:00,28.38
2/24/2016 16:00:00,28.44
2/25/2016 16:00:00,28.98
2/26/2016 16:00:00,28.64
2/29/2016 16:00:00,28.11
3/1/2016 16:00:00,28.46
3/2/2016 16:00:00,28.4
3/3/2016 16:00:00,28.32
3/4/2016 16:00:00,28.15
3/7/2016 16:00:00,28.22
3/8/2016 16:00:00,27.81
3/9/2016 16:00:00,28.17
3/10/2016 16:00:00,28.03
3/11/2016 16:00:00,28.89
3/14/2016 16:00:00,28.51
3/15/2016 16:00:00,27.98
3/16/2016 16:00:00,27.51
3/17/2016 16:00:00,27.79
3/18/2016 16:00:00,27.9
3/21/2016 16:00:00,28.49
3/22/2016 16:00:00,28.78
3/23/2016 16:00:00,28.6
3/24/2016 16:00:00,28.5
3/28/2016 16:00:00,28.21
3/29/2016 16:00:00,28.47
3/30/2016 16:00:00,28.49
3/31/2016 16:00:00,28.08
4/1/2016 16:00:00,28.46
4/4/2016 16:00:00,29.1
4/5/2016 16:00:00,29.71
4/6/2016 16:00:00,31.2
4/7/2016 16:00:00,31.03
4/8/2016 16:00:00,30.79
4/11/2016 16:00:00,30.21
4/12/2016 16:00:00,30.28
4/13/2016 16:00:00,30.83
4/14/2016 16:00:00,30.93
4/15/2016 16:00:00,30.79
4/18/2016 16:00:00,30.89
4/19/2016 16:00:00,31.16
4/20/2016 16:00:00,31.48
4/21/2016 16:00:00,31.49
4/22/2016 16:00:00,31.52
4/25/2016 16:00:00,31.46
4/26/2016 16:00:00,31.31
4/27/2016 16:00:00,31.26
4/28/2016 16:00:00,31.18
4/29/2016 16:00:00,30.99
5/2/2016 16:00:00,31.07
5/3/2016 16:00:00,31.93
5/4/2016 16:00:00,31.64
5/5/2016 16:00:00,31.8
5/6/2016 16:00:00,31.81
5/9/2016 16:00:00,32.04
5/10/2016 16:00:00,32.02
5/11/2016 16:00:00,31.41
5/12/2016 16:00:00,31.44
5/13/2016 16:00:00,31.44
5/16/2016 16:00:00,31.62
5/17/2016 16:00:00,31.29
5/18/2016 16:00:00,31.42
5/19/2016 16:00:00,31.62
5/20/2016 16:00:00,31.96
5/23/2016 16:00:00,31.9
5/24/2016 16:00:00,32.3
5/25/2016 16:00:00,32.54
5/26/2016 16:00:00,32.62
5/27/2016 16:00:00,32.79
5/31/2016 16:00:00,32.87
6/1/2016 16:00:00,32.92
6/2/2016 16:00:00,33.03
6/3/2016 16:00:00,32.86
6/6/2016 16:00:00,33.09
6/7/2016 16:00:00,33.01
6/8/2016 16:00:00,33.39
6/9/2016 16:00:00,33.45
6/10/2016 16:00:00,33.43
6/13/2016 16:00:00,32.91
6/14/2016 16:00:00,33.15
6/15/2016 16:00:00,32.96
6/16/2016 16:00:00,32.92
6/17/2016 16:00:00,32.42
6/20/2016 16:00:00,32.68
6/21/2016 16:00:00,32.92
6/22/2016 16:00:00,32.65
6/23/2016 16:00:00,32.77
6/24/2016 16:00:00,32.18
6/27/2016 16:00:00,32.02
6/28/2016 16:00:00,32.63
6/29/2016 16:00:00,33.17
6/30/2016 16:00:00,33.36
7/1/2016 16:00:00,33.7
7/5/2016 16:00:00,33.92
7/6/2016 16:00:00,33.97
7/7/2016 16:00:00,33.89
7/8/2016 16:00:00,34.22
7/11/2016 16:00:00,34.25
7/12/2016 16:00:00,34.33
7/13/2016 16:00:00,34.4
7/14/2016 16:00:00,34.98
7/15/2016 16:00:00,34.83
7/18/2016 16:00:00,34.71
7/19/2016 16:00:00,34.71
7/20/2016 16:00:00,34.75
7/21/2016 16:00:00,34.78
7/22/2016 16:00:00,34.81
7/25/2016 16:00:00,34.84
7/26/2016 16:00:00,34.89
7/27/2016 16:00:00,34.91
7/28/2016 16:00:00,34.74
7/29/2016 16:00:00,34.95
8/1/2016 16:00:00,35.35
8/2/2016 16:00:00,34.47
8/3/2016 16:00:00,33.43
8/4/2016 16:00:00,33.3
8/5/2016 16:00:00,33.57
8/8/2016 16:00:00,33.09
8/9/2016 16:00:00,33.23
8/10/2016 16:00:00,33.28
8/11/2016 16:00:00,33.3
8/12/2016 16:00:00,33.14
8/15/2016 16:00:00,33.26
8/16/2016 16:00:00,32.96
8/17/2016 16:00:00,33.29
8/18/2016 16:00:00,33.34
8/19/2016 16:00:00,33.14
8/22/2016 16:00:00,33.01
8/23/2016 16:00:00,33.24
8/24/2016 16:00:00,32.99
8/25/2016 16:00:00,32.94
8/26/2016 16:00:00,32.99
8/29/2016 16:00:00,33.26
8/30/2016 16:00:00,33.04
8/31/2016 16:00:00,32.97
9/1/2016 16:00:00,32.85
9/2/2016 16:00:00,32.94
9/6/2016 16:00:00,32.94
9/7/2016 16:00:00,33.01
9/8/2016 16:00:00,32.89
9/9/2016 16:00:00,32.3
9/12/2016 16:00:00,32.83
9/13/2016 16:00:00,32.25
9/14/2016 16:00:00,32.15
9/15/2016 16:00:00,32.34
9/16/2016 16:00:00,32.15
9/19/2016 16:00:00,31.88
9/20/2016 16:00:00,32.03
9/21/2016 16:00:00,32.47
9/22/2016 16:00:00,32.35
9/23/2016 16:00:00,32.46
9/26/2016 16:00:00,31.87
9/27/2016 16:00:00,32.05
9/28/2016 16:00:00,32.2
9/29/2016 16:00:00,31.57
9/30/2016 16:00:00,32.09
10/3/2016 16:00:00,31.91
10/4/2016 16:00:00,31.94
10/5/2016 16:00:00,32.11
10/6/2016 16:00:00,31.88
10/7/2016 16:00:00,31.79
10/10/2016 16:00:00,31.84
10/11/2016 16:00:00,31.39
10/12/2016 16:00:00,31.33
10/13/2016 16:00:00,31.03
10/14/2016 16:00:00,30.94
10/17/2016 16:00:00,30.79
10/18/2016 16:00:00,30.97
10/19/2016 16:00:00,30.88
10/20/2016 16:00:00,30.83
10/21/2016 16:00:00,30.49
10/24/2016 16:00:00,30.44
10/25/2016 16:00:00,30.58
10/26/2016 16:00:00,30.69
10/27/2016 16:00:00,30.77
10/28/2016 16:00:00,30.25
10/31/2016 16:00:00,30.04
11/1/2016 16:00:00,29.43
11/2/2016 16:00:00,29.02
11/3/2016 16:00:00,28.32
11/4/2016 16:00:00,28.42
11/7/2016 16:00:00,28.78
11/8/2016 16:00:00,28.42
11/9/2016 16:00:00,30.43
11/10/2016 16:00:00,31.73
11/11/2016 16:00:00,30.87
11/14/2016 16:00:00,30.67
11/15/2016 16:00:00,30.53
11/16/2016 16:00:00,30.28
11/17/2016 16:00:00,30.06
11/18/2016 16:00:00,29.82
11/21/2016 16:00:00,29.91
11/22/2016 16:00:00,29.68
11/23/2016 16:00:00,29.77
11/25/2016 16:00:00,30.02
11/28/2016 16:00:00,29.88
11/29/2016 16:00:00,30.24
11/30/2016 16:00:00,30.45
12/1/2016 16:00:00,29.8
12/2/2016 16:00:00,29.96
12/5/2016 16:00:00,29.93
12/6/2016 16:00:00,29.9
12/7/2016 16:00:00,29.55
12/8/2016 16:00:00,29.31
12/9/2016 16:00:00,30.03
12/12/2016 16:00:00,30.69
12/13/2016 16:00:00,31.1
12/14/2016 16:00:00,31.09
12/15/2016 16:00:00,31.03
12/16/2016 16:00:00,31.11
12/19/2016 16:00:00,31.1
12/20/2016 16:00:00,31.12
12/21/2016 16:00:00,30.69
12/22/2016 16:00:00,30.64
12/23/2016 16:00:00,30.77
12/27/2016 16:00:00,30.82
12/28/2016 16:00:00,30.65
12/29/2016 16:00:00,30.78
12/30/2016 16:00:00,30.77
1/3/2017 16:00:00,31.26
1/4/2017 16:00:00,31.54
1/5/2017 16:00:00,31.84
1/6/2017 16:00:00,31.72
1/9/2017 16:00:00,31.71
1/10/2017 16:00:00,31.68
1/11/2017 16:00:00,31.1
1/12/2017 16:00:00,30.88
1/13/2017 16:00:00,30.81
1/17/2017 16:00:00,30.37
1/18/2017 16:00:00,30.34
1/19/2017 16:00:00,30.03
1/20/2017 16:00:00,30.1
1/23/2017 16:00:00,29.8
1/24/2017 16:00:00,29.51
1/25/2017 16:00:00,29.64
1/26/2017 16:00:00,29.63
1/27/2017 16:00:00,29.77
1/30/2017 16:00:00,29.66
1/31/2017 16:00:00,30.06
2/1/2017 16:00:00,30
2/2/2017 16:00:00,30.06
2/3/2017 16:00:00,30.4
2/6/2017 16:00:00,30.53
2/7/2017 16:00:00,30.39
2/8/2017 16:00:00,30.45
2/9/2017 16:00:00,30.67
2/10/2017 16:00:00,30.65
2/13/2017 16:00:00,30.89
2/14/2017 16:00:00,31.03
2/15/2017 16:00:00,31.75
2/16/2017 16:00:00,31.85
2/17/2017 16:00:00,31.85
2/21/2017 16:00:00,31.85
2/22/2017 16:00:00,31.82
2/23/2017 16:00:00,32.27
2/24/2017 16:00:00,32.46
2/27/2017 16:00:00,32.47
2/28/2017 16:00:00,32.32
3/1/2017 16:00:00,32.61
3/2/2017 16:00:00,32.69
3/3/2017 16:00:00,32.7
3/6/2017 16:00:00,32.54
3/7/2017 16:00:00,32.2
3/8/2017 16:00:00,32.12
3/9/2017 16:00:00,32.26
3/10/2017 16:00:00,32.31
3/13/2017 16:00:00,32.31
3/14/2017 16:00:00,32.42
3/15/2017 16:00:00,32.81
3/16/2017 16:00:00,32.62
3/17/2017 16:00:00,32.51
3/20/2017 16:00:00,32.57
3/21/2017 16:00:00,32.45
3/22/2017 16:00:00,32.65
3/23/2017 16:00:00,32.48
3/24/2017 16:00:00,32.21
3/27/2017 16:00:00,32.38
3/28/2017 16:00:00,32.36
3/29/2017 16:00:00,32.52
3/30/2017 16:00:00,32.54
3/31/2017 16:00:00,32.41
4/3/2017 16:00:00,32.44
4/4/2017 16:00:00,32.53
4/5/2017 16:00:00,32.39
4/6/2017 16:00:00,32.31
4/7/2017 16:00:00,32.3
4/10/2017 16:00:00,32.25
4/11/2017 16:00:00,32.14
4/12/2017 16:00:00,32.13
4/13/2017 16:00:00,32.1
4/17/2017 16:00:00,32.21
4/18/2017 16:00:00,32.06
4/19/2017 16:00:00,31.84
4/20/2017 16:00:00,31.96
4/21/2017 16:00:00,31.87
4/24/2017 16:00:00,31.96
4/25/2017 16:00:00,31.98
4/26/2017 16:00:00,32.07
4/27/2017 16:00:00,32.08
4/28/2017 16:00:00,32.13
5/1/2017 16:00:00,32
5/2/2017 16:00:00,31.84
5/3/2017 16:00:00,31.71
5/4/2017 16:00:00,31.69
5/5/2017 16:00:00,31.72
5/8/2017 16:00:00,31.69
5/9/2017 16:00:00,31.62
5/10/2017 16:00:00,31.29
5/11/2017 16:00:00,31.3
5/12/2017 16:00:00,31.27
5/15/2017 16:00:00,31.38
5/16/2017 16:00:00,30.88
5/17/2017 16:00:00,30.53
5/18/2017 16:00:00,30.52
5/19/2017 16:00:00,30.75
5/22/2017 16:00:00,30.43
5/23/2017 16:00:00,30.45
5/24/2017 16:00:00,30.36
5/25/2017 16:00:00,30.47
5/26/2017 16:00:00,30.45
5/30/2017 16:00:00,30.44
5/31/2017 16:00:00,30.93
6/1/2017 16:00:00,30.99
6/2/2017 16:00:00,30.83
6/5/2017 16:00:00,30.65
6/6/2017 16:00:00,30.38
6/7/2017 16:00:00,30.31
6/8/2017 16:00:00,30.08
6/9/2017 16:00:00,31.04
6/12/2017 16:00:00,30.98
6/13/2017 16:00:00,30.86
6/14/2017 16:00:00,30.97
6/15/2017 16:00:00,31.08
6/16/2017 16:00:00,31.23
6/19/2017 16:00:00,31.47
6/20/2017 16:00:00,31.79
6/21/2017 16:00:00,32.1
6/22/2017 16:00:00,32.27
6/23/2017 16:00:00,32.37
6/26/2017 16:00:00,32.25
6/27/2017 16:00:00,31.99
6/28/2017 16:00:00,31.97
6/29/2017 16:00:00,31.86
6/30/2017 16:00:00,31.82
7/3/2017 16:00:00,32.04
7/5/2017 16:00:00,31.87
7/6/2017 16:00:00,31.47
7/7/2017 16:00:00,31.59
7/10/2017 16:00:00,31.65
7/11/2017 16:00:00,31.42
7/12/2017 16:00:00,31.47
7/13/2017 16:00:00,31.53
7/14/2017 16:00:00,31.67
7/17/2017 16:00:00,31.5
7/18/2017 16:00:00,31.6
7/19/2017 16:00:00,31.85
7/20/2017 16:00:00,31.77
7/21/2017 16:00:00,31.72
7/24/2017 16:00:00,31.57
7/25/2017 16:00:00,31.36
7/26/2017 16:00:00,31.16
7/27/2017 16:00:00,31.26
7/28/2017 16:00:00,31.4
7/31/2017 16:00:00,31.41
8/1/2017 16:00:00,31.34
8/2/2017 16:00:00,31.19
8/3/2017 16:00:00,31.67
8/4/2017 16:00:00,31.87
8/7/2017 16:00:00,31.56
8/8/2017 16:00:00,31.53
8/9/2017 16:00:00,31.69
8/10/2017 16:00:00,31.66
8/11/2017 16:00:00,31.5
8/14/2017 16:00:00,31.56
8/15/2017 16:00:00,31.62
8/16/2017 16:00:00,31.6
8/17/2017 16:00:00,31.21
8/18/2017 16:00:00,30.95
8/21/2017 16:00:00,31.03
8/22/2017 16:00:00,31.4
8/23/2017 16:00:00,31.49
8/24/2017 16:00:00,31.48
8/25/2017 16:00:00,31.63
8/28/2017 16:00:00,31.71
8/29/2017 16:00:00,31.74
8/30/2017 16:00:00,31.69
8/31/2017 16:00:00,32.13
9/1/2017 16:00:00,32.17
9/5/2017 16:00:00,32.02
9/6/2017 16:00:00,32.2
9/7/2017 16:00:00,32.2
9/8/2017 16:00:00,32.3
9/11/2017 16:00:00,32.51
9/12/2017 16:00:00,33.51
9/13/2017 16:00:00,33.21
9/14/2017 16:00:00,33.85
9/15/2017 16:00:00,33.5
9/18/2017 16:00:00,33.68
9/19/2017 16:00:00,33.58
9/20/2017 16:00:00,34.09
9/21/2017 16:00:00,34.08
9/22/2017 16:00:00,34.07
9/25/2017 16:00:00,33.64
9/26/2017 16:00:00,33.44
9/27/2017 16:00:00,33.58
9/28/2017 16:00:00,33.73
9/29/2017 16:00:00,33.82
10/2/2017 16:00:00,34.17
10/3/2017 16:00:00,34.24
10/4/2017 16:00:00,34.07
10/5/2017 16:00:00,34.1
10/6/2017 16:00:00,34.15
10/9/2017 16:00:00,34.24
10/10/2017 16:00:00,34.48
10/11/2017 16:00:00,34.53
10/12/2017 16:00:00,34.44
10/13/2017 16:00:00,34.43
10/16/2017 16:00:00,34.09
10/17/2017 16:00:00,34.29
10/18/2017 16:00:00,33.94
10/19/2017 16:00:00,34.33
10/20/2017 16:00:00,34.5
10/23/2017 16:00:00,34.48
10/24/2017 16:00:00,34.36
10/25/2017 16:00:00,34.26
10/26/2017 16:00:00,33.86
10/27/2017 16:00:00,33.73
10/30/2017 16:00:00,33.3
10/31/2017 16:00:00,33.21
11/1/2017 16:00:00,33.4
11/2/2017 16:00:00,33.59
11/3/2017 16:00:00,33.68
11/6/2017 16:00:00,33.46
11/7/2017 16:00:00,33.5
11/8/2017 16:00:00,33.48
11/9/2017 16:00:00,33.35
11/10/2017 16:00:00,33.33
11/13/2017 16:00:00,33.44
11/14/2017 16:00:00,33.52
11/15/2017 16:00:00,33.5
11/16/2017 16:00:00,33.69
11/17/2017 16:00:00,33.51
11/20/2017 16:00:00,33.49
11/21/2017 16:00:00,33.67
11/22/2017 16:00:00,33.56
11/24/2017 13:00:00,33.62
11/27/2017 16:00:00,33.62
11/28/2017 16:00:00,33.96
11/29/2017 16:00:00,34.3
11/30/2017 16:00:00,34.35
12/1/2017 16:00:00,34.44
12/4/2017 16:00:00,34.16
12/5/2017 16:00:00,33.75
12/6/2017 16:00:00,33.69
12/7/2017 16:00:00,33.63
12/8/2017 16:00:00,33.86
12/11/2017 16:00:00,34.3
12/12/2017 16:00:00,34.65
12/13/2017 16:00:00,34.71
12/14/2017 16:00:00,34.54
12/15/2017 16:00:00,35.24
12/18/2017 16:00:00,35.17
12/19/2017 16:00:00,34.99
12/20/2017 16:00:00,34.54
12/21/2017 16:00:00,34.33
12/22/2017 16:00:00,34.24
12/26/2017 16:00:00,34.3
12/27/2017 16:00:00,34.42
12/28/2017 16:00:00,34.45
12/29/2017 16:00:00,34.31
1/2/2018 16:00:00,34.52
1/3/2018 16:00:00,34.78
1/4/2018 16:00:00,34.85
1/5/2018 16:00:00,34.92
1/8/2018 16:00:00,34.53
1/9/2018 16:00:00,34.49
1/10/2018 16:00:00,34.55
1/11/2018 16:00:00,34.63
1/12/2018 16:00:00,34.62
1/16/2018 16:00:00,34.67
1/17/2018 16:00:00,35.22
1/18/2018 16:00:00,35.04
1/19/2018 16:00:00,34.99
1/22/2018 16:00:00,34.99
1/23/2018 16:00:00,34.88
1/24/2018 16:00:00,34.99
1/25/2018 16:00:00,35.27
1/26/2018 16:00:00,36.96
1/29/2018 16:00:00,36.96
1/30/2018 16:00:00,35.81
1/31/2018 16:00:00,35.09
2/1/2018 16:00:00,34.89
2/2/2018 16:00:00,34.68
2/5/2018 16:00:00,32.84
2/6/2018 16:00:00,33.42
2/7/2018 16:00:00,33.14
2/8/2018 16:00:00,31.86
2/9/2018 16:00:00,32.36
2/12/2018 16:00:00,32.83
2/13/2018 16:00:00,33.1
2/14/2018 16:00:00,33.34
2/15/2018 16:00:00,33.83
2/16/2018 16:00:00,34.35
2/20/2018 16:00:00,34.11
2/21/2018 16:00:00,33.88
2/22/2018 16:00:00,33.86
2/23/2018 16:00:00,34.35
2/26/2018 16:00:00,35.14
2/27/2018 16:00:00,34.86
2/28/2018 16:00:00,34.4
3/1/2018 16:00:00,33.75
3/2/2018 16:00:00,34.06
3/5/2018 16:00:00,34.22
3/6/2018 16:00:00,33.99
3/7/2018 16:00:00,34.04
3/8/2018 16:00:00,34.58
3/9/2018 16:00:00,34.83
3/12/2018 16:00:00,34.68
3/13/2018 16:00:00,34.81
3/14/2018 16:00:00,34.44
3/15/2018 16:00:00,34.65
3/16/2018 16:00:00,34.84
3/19/2018 16:00:00,34.42
3/20/2018 16:00:00,34.42
3/21/2018 16:00:00,34.36
3/22/2018 16:00:00,33.73
3/23/2018 16:00:00,32.67
3/26/2018 16:00:00,33.19
3/27/2018 16:00:00,33.17
3/28/2018 16:00:00,33.44
3/29/2018 16:00:00,33.62
4/2/2018 16:00:00,33.2
4/3/2018 16:00:00,33.8
4/4/2018 16:00:00,34.23
4/5/2018 16:00:00,33.85
4/6/2018 16:00:00,33.32
4/9/2018 16:00:00,33.59
4/10/2018 16:00:00,34.06
4/11/2018 16:00:00,33.91
4/12/2018 16:00:00,34.41
4/13/2018 16:00:00,34.41
4/16/2018 16:00:00,34.61
4/17/2018 16:00:00,34.42
4/18/2018 16:00:00,34.57
4/19/2018 16:00:00,34.61
4/20/2018 16:00:00,34.7
4/23/2018 16:00:00,34.86
4/24/2018 16:00:00,35.11
4/25/2018 16:00:00,34.75
4/26/2018 16:00:00,34.91
4/27/2018 16:00:00,35.05
4/30/2018 16:00:00,34.68
5/1/2018 16:00:00,33.54
5/2/2018 16:00:00,33.05
5/3/2018 16:00:00,32.93
5/4/2018 16:00:00,33.01
5/7/2018 16:00:00,33.09
5/8/2018 16:00:00,33.14
5/9/2018 16:00:00,33.32
5/10/2018 16:00:00,33.19
5/11/2018 16:00:00,33.63
5/14/2018 16:00:00,33.97
5/15/2018 16:00:00,33.81
5/16/2018 16:00:00,33.8
5/17/2018 16:00:00,33.83
5/18/2018 16:00:00,33.76
5/21/2018 16:00:00,33.91
5/22/2018 16:00:00,33.84
5/23/2018 16:00:00,34.08
5/24/2018 16:00:00,34
5/25/2018 16:00:00,33.8
5/29/2018 16:00:00,33.82
5/30/2018 16:00:00,34.15
5/31/2018 16:00:00,34.15
6/1/2018 16:00:00,34.34
6/4/2018 16:00:00,34.53
6/5/2018 16:00:00,34.52
6/6/2018 16:00:00,34.46
6/7/2018 16:00:00,34.57
6/8/2018 16:00:00,34.74
6/11/2018 16:00:00,34.39
6/12/2018 16:00:00,34.39
6/13/2018 16:00:00,34.31
6/14/2018 16:00:00,34.26
6/15/2018 16:00:00,34.45
6/18/2018 16:00:00,34.26
6/19/2018 16:00:00,34.31
6/20/2018 16:00:00,34.54
6/21/2018 16:00:00,34.39
6/22/2018 16:00:00,34.59
6/25/2018 16:00:00,34.46
6/26/2018 16:00:00,34.46
6/27/2018 16:00:00,34.3
6/28/2018 16:00:00,34.45
6/29/2018 16:00:00,34.37
7/2/2018 16:00:00,34.42
7/3/2018 13:00:00,34.44
7/5/2018 16:00:00,34.93
7/6/2018 16:00:00,35.16
7/9/2018 16:00:00,35.2
7/10/2018 16:00:00,35.46
7/11/2018 16:00:00,35.25
7/12/2018 16:00:00,35.54
7/13/2018 16:00:00,35.55
7/16/2018 16:00:00,35.41
7/17/2018 16:00:00,35.67
7/18/2018 16:00:00,35.68
7/19/2018 16:00:00,35.39
7/20/2018 16:00:00,35.36
7/23/2018 16:00:00,35.25
7/24/2018 16:00:00,35.71
7/25/2018 16:00:00,35.99
7/26/2018 16:00:00,36.15
7/27/2018 16:00:00,36.39
7/30/2018 16:00:00,36.56
7/31/2018 16:00:00,37.83
8/1/2018 16:00:00,38.15
8/2/2018 16:00:00,37.56
8/3/2018 16:00:00,38.4
8/6/2018 16:00:00,38.88
8/7/2018 16:00:00,38.69
8/8/2018 16:00:00,39.23
8/9/2018 16:00:00,38.84
8/10/2018 16:00:00,38.77
8/13/2018 16:00:00,38.66
8/14/2018 16:00:00,38.57
8/15/2018 16:00:00,38.99
8/16/2018 16:00:00,39.24
8/17/2018 16:00:00,39.87
8/20/2018 16:00:00,40.1
8/21/2018 16:00:00,39.94
8/22/2018 16:00:00,39.85
8/23/2018 16:00:00,39.98
8/24/2018 16:00:00,40.17
8/27/2018 16:00:00,39.39
8/28/2018 16:00:00,39.31
8/29/2018 16:00:00,39.31
8/30/2018 16:00:00,39.31
8/31/2018 16:00:00,39.33
9/4/2018 16:00:00,39.19
9/5/2018 16:00:00,39.65
9/6/2018 16:00:00,39.58
9/7/2018 16:00:00,39.98
9/10/2018 16:00:00,39.84
9/11/2018 16:00:00,40.08
9/12/2018 16:00:00,40.18
9/13/2018 16:00:00,40.59
9/14/2018 16:00:00,40.7
9/17/2018 16:00:00,40.74
9/18/2018 16:00:00,41.22
9/19/2018 16:00:00,40.98
9/20/2018 16:00:00,41.45
9/21/2018 16:00:00,41.74
9/24/2018 16:00:00,41.62
9/25/2018 16:00:00,41.48
9/26/2018 16:00:00,41.38
9/27/2018 16:00:00,41.59
9/28/2018 16:00:00,41.75
10/1/2018 16:00:00,41.94
10/2/2018 16:00:00,41.89
10/3/2018 16:00:00,42.45
10/4/2018 16:00:00,42.35
10/5/2018 16:00:00,42.54
10/8/2018 16:00:00,42.9
10/9/2018 16:00:00,43.08
10/10/2018 16:00:00,42.17
10/11/2018 16:00:00,40.56
10/12/2018 16:00:00,41.47
10/15/2018 16:00:00,40.85
10/16/2018 16:00:00,41.62
10/17/2018 16:00:00,42.22
10/18/2018 16:00:00,41.68
10/19/2018 16:00:00,42.16
10/22/2018 16:00:00,42.03
10/23/2018 16:00:00,41.78
10/24/2018 16:00:00,40.24
10/25/2018 16:00:00,41.12
10/26/2018 16:00:00,40.36
10/29/2018 16:00:00,40.95
10/30/2018 16:00:00,40.63
10/31/2018 16:00:00,40.79
11/1/2018 16:00:00,41.37
11/2/2018 16:00:00,40.67
11/5/2018 16:00:00,41.23
11/6/2018 16:00:00,40.74
11/7/2018 16:00:00,42.06
11/8/2018 16:00:00,41.54
11/9/2018 16:00:00,41.95
11/12/2018 16:00:00,41.79
11/13/2018 16:00:00,41.23
11/14/2018 16:00:00,40.65
11/15/2018 16:00:00,40.93
11/16/2018 16:00:00,41.22
11/19/2018 16:00:00,41.85
11/20/2018 16:00:00,41.24
11/21/2018 16:00:00,40.83
11/23/2018 13:00:00,40.87
11/26/2018 16:00:00,41.06
11/27/2018 16:00:00,41.75
11/28/2018 16:00:00,42.54
11/29/2018 16:00:00,43.11
11/30/2018 16:00:00,43.8
12/3/2018 16:00:00,43.57
12/4/2018 16:00:00,42.76
12/6/2018 16:00:00,42.61
12/7/2018 16:00:00,41.61
12/10/2018 16:00:00,42.06
12/11/2018 16:00:00,41.69
12/12/2018 16:00:00,41.83
12/13/2018 16:00:00,42.22
12/14/2018 16:00:00,41.49
12/17/2018 16:00:00,40.84
12/18/2018 16:00:00,40.17
12/19/2018 16:00:00,39.76
12/20/2018 16:00:00,39.74
12/21/2018 16:00:00,39.72
12/24/2018 13:00:00,38.41
12/26/2018 16:00:00,39.97
12/27/2018 16:00:00,40.59
12/28/2018 16:00:00,40.7
12/31/2018 16:00:00,41.35
1/2/2019 16:00:00,40.97
1/3/2019 16:00:00,39.83
1/4/2019 16:00:00,40.74
1/7/2019 16:00:00,40.95
1/8/2019 16:00:00,41.14
1/9/2019 16:00:00,41.06
1/10/2019 16:00:00,40.08
1/11/2019 16:00:00,40.62
1/14/2019 16:00:00,40.14
1/15/2019 16:00:00,40.48
1/16/2019 16:00:00,39.89
1/17/2019 16:00:00,40.23
1/18/2019 16:00:00,40.29
1/22/2019 16:00:00,40.04
1/23/2019 16:00:00,39.94
1/24/2019 16:00:00,38.79
1/25/2019 16:00:00,38.5
1/28/2019 16:00:00,37.45
1/29/2019 16:00:00,38.62
1/30/2019 16:00:00,39.39
1/31/2019 16:00:00,40.21
2/1/2019 16:00:00,40.62
2/4/2019 16:00:00,40.2
2/5/2019 16:00:00,39.89
2/6/2019 16:00:00,40.1
2/7/2019 16:00:00,39.5
2/8/2019 16:00:00,40.01
2/11/2019 16:00:00,39.48
2/12/2019 16:00:00,39.66
2/13/2019 16:00:00,39.5
2/14/2019 16:00:00,39.76
2/15/2019 16:00:00,40.17
2/19/2019 16:00:00,40.36
2/20/2019 16:00:00,39.98
2/21/2019 16:00:00,39.92
2/22/2019 16:00:00,40.7
2/25/2019 16:00:00,40.81
2/26/2019 16:00:00,40.75
2/27/2019 16:00:00,40.67
2/28/2019 16:00:00,41.07
3/1/2019 16:00:00,41.08
3/4/2019 16:00:00,40.8
3/5/2019 16:00:00,40.63
3/6/2019 16:00:00,39.66
3/7/2019 16:00:00,39.21
3/8/2019 16:00:00,38.74
3/11/2019 16:00:00,39.31
3/12/2019 16:00:00,39.53
3/13/2019 16:00:00,39.8
3/14/2019 16:00:00,39.02
3/15/2019 16:00:00,39.58
3/18/2019 16:00:00,39.61
3/19/2019 16:00:00,40.07
3/20/2019 16:00:00,39.95
3/21/2019 16:00:00,40.12
3/22/2019 16:00:00,39.65
3/25/2019 16:00:00,39.68
3/26/2019 16:00:00,40.19
3/27/2019 16:00:00,39.81
3/28/2019 16:00:00,40.06
3/29/2019 16:00:00,40.23
4/1/2019 16:00:00,40.58
4/2/2019 16:00:00,40.65
4/3/2019 16:00:00,40.58
4/4/2019 16:00:00,40.49
4/5/2019 16:00:00,40.73
4/8/2019 16:00:00,40.87
4/9/2019 16:00:00,40.58
4/10/2019 16:00:00,40.48
4/11/2019 16:00:00,40.04
4/12/2019 16:00:00,39.51
4/15/2019 16:00:00,39.87
4/16/2019 16:00:00,38.76
4/17/2019 16:00:00,37.78
4/18/2019 16:00:00,37.31
4/22/2019 16:00:00,36.93
4/23/2019 16:00:00,37.34
4/24/2019 16:00:00,37.3
4/25/2019 16:00:00,37.52
4/26/2019 16:00:00,37.86
4/29/2019 16:00:00,37.5
4/30/2019 16:00:00,38.47
5/1/2019 16:00:00,38.62
5/2/2019 16:00:00,38.85
5/3/2019 16:00:00,39.21
5/6/2019 16:00:00,39.46
5/7/2019 16:00:00,38.68
5/8/2019 16:00:00,38.79
5/9/2019 16:00:00,38.5
5/10/2019 16:00:00,38.58
5/13/2019 16:00:00,38.43
5/14/2019 16:00:00,38.52
5/15/2019 16:00:00,38.98
5/16/2019 16:00:00,39.45
5/17/2019 16:00:00,39.29
5/20/2019 16:00:00,39.4
5/21/2019 16:00:00,39.48
5/22/2019 16:00:00,39.78
5/23/2019 16:00:00,39.71
5/24/2019 16:00:00,39.74
5/28/2019 16:00:00,39.69
5/29/2019 16:00:00,39.52
5/30/2019 16:00:00,39.69
5/31/2019 16:00:00,39.33
6/3/2019 16:00:00,39.71
6/4/2019 16:00:00,40.01
6/5/2019 16:00:00,40.24
6/6/2019 16:00:00,40.46
6/7/2019 16:00:00,40.66
6/10/2019 16:00:00,40.8
6/11/2019 16:00:00,40.42
6/12/2019 16:00:00,40.81
6/13/2019 16:00:00,40.26
6/14/2019 16:00:00,40.51
6/17/2019 16:00:00,40.62
6/18/2019 16:00:00,40.8
6/19/2019 16:00:00,41.21
6/20/2019 16:00:00,41.3
6/21/2019 16:00:00,41.37
6/24/2019 16:00:00,41.46
6/25/2019 16:00:00,41.46
6/26/2019 16:00:00,40.73
6/27/2019 16:00:00,41.14
6/28/2019 16:00:00,41.04
7/1/2019 16:00:00,41.46
7/2/2019 16:00:00,41.89
7/3/2019 13:00:00,42.06
7/5/2019 16:00:00,41.61
7/8/2019 16:00:00,41.02
7/9/2019 16:00:00,41.09
7/10/2019 16:00:00,41.74
7/11/2019 16:00:00,40.72
7/12/2019 16:00:00,40.17
7/15/2019 16:00:00,40.5
7/16/2019 16:00:00,40.59
7/17/2019 16:00:00,40.49
7/18/2019 16:00:00,40.79
7/19/2019 16:00:00,40.52
7/22/2019 16:00:00,40.56
7/23/2019 16:00:00,40.82
7/24/2019 16:00:00,40.63
7/25/2019 16:00:00,40.42
7/26/2019 16:00:00,40.82
7/29/2019 16:00:00,39.27
7/30/2019 16:00:00,36.75
7/31/2019 16:00:00,36.79
8/1/2019 16:00:00,36.24
8/2/2019 16:00:00,36
8/5/2019 16:00:00,35.01
8/6/2019 16:00:00,35
8/7/2019 16:00:00,34.65
8/8/2019 16:00:00,34.93
8/9/2019 16:00:00,34.44
8/12/2019 16:00:00,33.53
8/13/2019 16:00:00,33.35
8/14/2019 16:00:00,32.44
8/15/2019 16:00:00,32.66
8/16/2019 16:00:00,32.83
8/19/2019 16:00:00,33.33
8/20/2019 16:00:00,32.79
8/21/2019 16:00:00,33.03
8/22/2019 16:00:00,33.23
8/23/2019 16:00:00,32.53
8/26/2019 16:00:00,33.01
8/27/2019 16:00:00,32.53
8/28/2019 16:00:00,33.23
8/29/2019 16:00:00,33.47
8/30/2019 16:00:00,33.68
9/3/2019 16:00:00,34.22
9/4/2019 16:00:00,33.94
9/5/2019 16:00:00,34.43
9/6/2019 16:00:00,34.58
9/9/2019 16:00:00,34.89
9/10/2019 16:00:00,35.41
9/11/2019 16:00:00,35.44
9/12/2019 16:00:00,35.32
9/13/2019 16:00:00,34.97
9/16/2019 16:00:00,34.89
9/17/2019 16:00:00,34.58
9/18/2019 16:00:00,34.46
9/19/2019 16:00:00,34.59
9/20/2019 16:00:00,34.76
9/23/2019 16:00:00,34.33
9/24/2019 16:00:00,34.11
9/25/2019 16:00:00,34.01
9/26/2019 16:00:00,33.9
9/27/2019 16:00:00,34.31
9/30/2019 16:00:00,34.04
10/1/2019 16:00:00,33.56
10/2/2019 16:00:00,32.87
10/3/2019 16:00:00,33.58
10/4/2019 16:00:00,34.04
10/7/2019 16:00:00,33.94
10/8/2019 16:00:00,33.56
10/9/2019 16:00:00,33.81
10/10/2019 16:00:00,33.91
10/11/2019 16:00:00,34.21
10/14/2019 16:00:00,34.39
10/15/2019 16:00:00,34.58
10/16/2019 16:00:00,34.43
10/17/2019 16:00:00,34.54
10/18/2019 16:00:00,34.54
10/21/2019 16:00:00,34.54
10/22/2019 16:00:00,34.51
10/23/2019 16:00:00,34.83
10/24/2019 16:00:00,34.47
10/25/2019 16:00:00,34.83
10/28/2019 16:00:00,35.32
10/29/2019 16:00:00,36.2
10/30/2019 16:00:00,36.45
10/31/2019 16:00:00,36.35
11/1/2019 16:00:00,36.37
11/4/2019 16:00:00,36.03
11/5/2019 16:00:00,35.51
11/6/2019 16:00:00,35.63
11/7/2019 16:00:00,35.29
11/8/2019 16:00:00,35.1
11/11/2019 16:00:00,34.99
11/12/2019 16:00:00,35.02
11/13/2019 16:00:00,34.67
11/14/2019 16:00:00,34.63
11/15/2019 16:00:00,35.32
11/18/2019 16:00:00,35.26
11/19/2019 16:00:00,35.68
11/20/2019 16:00:00,35.1
11/21/2019 16:00:00,35.75
11/22/2019 16:00:00,36.31
11/25/2019 16:00:00,36.64
11/26/2019 16:00:00,36.27
11/27/2019 16:00:00,36.6
11/29/2019 13:00:00,36.49
12/2/2019 16:00:00,36.27
12/3/2019 16:00:00,36.05
12/4/2019 16:00:00,36.13
12/5/2019 16:00:00,36.03
12/6/2019 16:00:00,36.27
12/9/2019 16:00:00,36.3
12/10/2019 16:00:00,36.45
12/11/2019 16:00:00,36.21
12/12/2019 16:00:00,36.51
12/13/2019 16:00:00,36.31
12/16/2019 16:00:00,37.08
12/17/2019 16:00:00,36.85
12/18/2019 16:00:00,36.84
12/19/2019 16:00:00,36.92
12/20/2019 16:00:00,37.16
12/23/2019 16:00:00,37.25
12/24/2019 13:00:00,37.22
12/26/2019 16:00:00,37.31
12/27/2019 16:00:00,37.25